[
  {
    "id": "058ea99e-f580-46cf-a583-bee6ca9eef29",
    "data": [
      {
        "text": "2a",
        "alias": "instancia",
        "meta": "@instancia",
        "userDefined": false
      },
      {
        "text": " instancia",
        "userDefined": false
      }
    ],
    "isTemplate": false,
    "count": 0
  },
  {
    "id": "2c1314d2-693b-4ad8-9667-2b2c7ad4cf4f",
    "data": [
      {
        "text": "2a",
        "alias": "instancia",
        "meta": "@instancia",
        "userDefined": false
      }
    ],
    "isTemplate": false,
    "count": 0
  },
  {
    "id": "ab8c983e-5799-49cc-a969-05e0ab14aee1",
    "data": [
      {
        "text": "segunda",
        "alias": "instancia",
        "meta": "@instancia",
        "userDefined": false
      },
      {
        "text": " instancia",
        "userDefined": false
      }
    ],
    "isTemplate": false,
    "count": 0
  },
  {
    "id": "9b9aafe8-e964-46c5-85bd-922ba2b76d77",
    "data": [
      {
        "text": "segunda",
        "alias": "instancia",
        "meta": "@instancia",
        "userDefined": false
      }
    ],
    "isTemplate": false,
    "count": 0
  },
  {
    "id": "0825af2a-660c-4daa-a8be-654e3053e1da",
    "data": [
      {
        "text": "1a",
        "alias": "instancia",
        "meta": "@instancia",
        "userDefined": false
      },
      {
        "text": " instancia",
        "userDefined": false
      }
    ],
    "isTemplate": false,
    "count": 0
  },
  {
    "id": "ef11d572-37ed-4b94-bb58-13808852d516",
    "data": [
      {
        "text": "1a",
        "alias": "instancia",
        "meta": "@instancia",
        "userDefined": false
      }
    ],
    "isTemplate": false,
    "count": 0
  },
  {
    "id": "87c0289a-be03-4c85-a7e4-3381ff990473",
    "data": [
      {
        "text": "primeira",
        "alias": "instancia",
        "meta": "@instancia",
        "userDefined": false
      },
      {
        "text": " instancia",
        "userDefined": false
      }
    ],
    "isTemplate": false,
    "count": 0
  },
  {
    "id": "f578d12a-5dbc-4197-9626-8d8cb5a42beb",
    "data": [
      {
        "text": "primeira",
        "alias": "instancia",
        "meta": "@instancia",
        "userDefined": false
      }
    ],
    "isTemplate": false,
    "count": 0
  }
]