[
  {
    "id": "e5222933-67bf-4fd4-b9fc-f0dd782e1c0c",
    "data": [
      {
        "text": "00323245-23-2018-0001",
        "alias": "processo",
        "meta": "@sys.any",
        "userDefined": true
      }
    ],
    "isTemplate": false,
    "count": 0
  },
  {
    "id": "283567aa-088e-41d0-a47b-772e919b6838",
    "data": [
      {
        "text": "processo: ",
        "userDefined": false
      },
      {
        "text": "00323245-23-2018-0001",
        "alias": "processo",
        "meta": "@sys.any",
        "userDefined": true
      }
    ],
    "isTemplate": false,
    "count": 0
  }
]